id;identification;pais;provincia;partido;localidad;calle;altura;region;subregion;hub;barrios_especiales;codigo_postal;tipo_calle;zona_competencia;intersection_left;intersection_right;street_type;latitud;longitud;elementos_de_red
1;communities;Planner;deliverables;open-source;JBOD programming;Chips;38964;wireless primary override;azure;Azerbaijanian Manat cultivate Open-source;National Engineer Steel;Facilitator Function-based;channels Tasty;Beauty enable;deposit;Executive out-of-the-box;Lights Vatu;Courts;Internal;Sausages e-enable Streets
2;quantify;Personal Loan Account Strategist Regional;navigate;Liaison open-source Wooden;initiatives;Yuan Renminbi;12887;Branding;disintermediate invoice Synchronised;Awesome Rubber Pizza;empower Home Internal;Analyst;Alabama;parallelism action-items Shirt;intermediate Unbranded Central;holistic Latvian Lats Engineer;transmit SDD;holistic;invoice Future-proofed;synergy Generic
3;orchid drive Universal;Fantastic transparent;maroon Berkshire Tasty;Tactics Handcrafted Frozen Mouse;Assistant Iraq sensor;Brooks user-centric reinvent;48819;Borders;Customer-focused New Mexico;artificial intelligence Centralized;Point Movies;Optimization integrated Strategist;quantifying Licensed Cotton Chicken;Trail;Rustic multi-state;Tools bleeding-edge array;Avon;wireless Grocery;Savings Account yellow Massachusetts;e-tailers PCI
4;Computer;Massachusetts generate Granite;Bahamian Dollar;tan Refined Concrete Hat;silver Berkshire Massachusetts;International innovate;98326;card Pakistan Rupee;user-facing;Alley invoice;toolset;circuit Louisiana Berkshire;Nepalese Rupee Nebraska;brand;Mauritania Missouri bluetooth;Computers Proactive;withdrawal North Carolina;e-tailers Guam;lavender HDD;Organized Kiribati
5;Kansas bleeding-edge frictionless;background Future Central;Auto Loan Account;Convertible Marks Nebraska;Dominican Republic red Generic;USB;85232;Awesome Steel Computer 3rd generation blue;Dynamic Ergonomic Mobility;connect National;Forks Cheese;ADP;Music Stream Orchestrator;Assistant leverage Antigua and Barbuda;transmitter Colorado;virtual engineer portals;deliverables copy;Bike RSS;feed;Games Chair Research
6;Dynamic Stream Freeway;Clothing Indian Rupee;Mount deposit;Gorgeous Granite Tuna Movies;Towels;De-engineered;29341;Grass-roots Research Syrian Pound;robust;executive transmitter Towels;compress capacitor;Car;dynamic Won;tan;Valley Silver;Sweden;technologies Electronics;Avon Valleys;Persistent Fresh;Boliviano Mvdol West Virginia
7;hub Buckinghamshire Oklahoma;leading-edge;Assistant;Row Internal Credit Card Account;hack;Principal application tangible;96738;Cotton Intelligent Unbranded;Group Berkshire Graphical User Interface;Branding program Monitored;array Dominican Peso paradigms;Rufiyaa;Idaho Tunisian Dinar;interfaces;monetize;Georgia Cote d'Ivoire;initiatives matrix;Cotton Home Loan Account;US Dollar Liaison Programmable;Quality Ukraine Auto Loan Account
8;Garden Vermont;green;Gloves;methodologies;indexing networks;North Carolina;21592;olive;Manors program;SSL Handmade hack;quantifying;Estonia Cotton Hill;multi-byte Checking Account Shoes;payment;withdrawal;Home;schemas teal;Berkshire magenta real-time;turquoise firewall Qatar;Inlet Wooden
9;white Small;Mews Branding bandwidth;Guam Corporate;Ergonomic Frozen Fish alarm digital;background XSS;Soap;24575;asynchronous;frictionless well-modulated overriding;Fall Montana ubiquitous;Rustic Cotton Computer Frozen driver;Key productize invoice;Proactive;bus;microchip;partnerships Technician Shirt;generating embrace systematic;Web;Paradigm Svalbard & Jan Mayen Islands Tasty Fresh Car;Borders programming bus
10;Michigan;synthesizing;schemas Grocery;Incredible Rubber Mouse circuit Open-source;Baby;compress Licensed Fresh Bike override;45346;Auto Loan Account;Orchestrator Sleek Steel Shoes Path;synergistic applications impactful;Home mindshare Roads;Central Product Belarussian Ruble;Georgia e-commerce olive;driver;bifurcated;clicks-and-mortar protocol;virtual;parse Rubber Florida;Specialist Supervisor;Gorgeous copy
